Seq,EP,HelT,MGW,ProT,Roll
AAAAA,0.39435,1.0,0.15821,0.0,0.1657
AAAAC,0.52203,0.84502,0.35821,0.12379,0.24855
AAAAG,0.36158,0.85609,0.24776,0.11104,0.13873
AAAAT,0.31525,0.89299,0.23284,0.0983,0.23603
AAACA,0.62599,0.63653,0.53731,0.20995,0.37091
AAACC,0.50508,0.70295,0.36119,0.24879,0.24952
AAACG,0.60113,0.65683,0.47164,0.20388,0.35549
AAACT,0.48588,0.71956,0.29851,0.22633,0.18304
AAAGA,0.54237,0.45756,0.34925,0.35194,0.27071
AAAGC,0.54576,0.41144,0.35224,0.35983,0.21965
AAAGG,0.54011,0.34686,0.35821,0.44296,0.17919
AAAGT,0.19774,0.54428,0.14925,0.29308,0.11753
AAATA,0.57401,0.56642,0.2806,0.23544,0.15607
AAATC,0.54576,0.46494,0.3791,0.25728,0.27842
AAATG,0.47119,0.49446,0.29552,0.28823,0.11368
AAATT,0.0,0.71033,0.0,0.09466,0.0
AACAA,0.83277,0.49077,0.63284,0.38471,0.84489
AACAC,0.89605,0.44649,0.65672,0.43143,0.73988
AACAG,0.88588,0.44834,0.62687,0.43993,0.79094
AACAT,0.84633,0.56642,0.43284,0.38167,0.77553
AACCA,0.83051,0.48339,0.44179,0.4642,0.46724
AACCC,0.85763,0.53137,0.35224,0.5358,0.38632
AACCG,0.88475,0.44096,0.45075,0.5182,0.47206
AACCT,0.8452,0.6107,0.23582,0.50728,0.31696
AACGA,0.89831,0.31919,0.58209,0.41808,0.7948
AACGC,0.90734,0.32657,0.53433,0.40049,0.73603
AACGG,0.89605,0.33948,0.52836,0.3926,0.6869
AACGT,0.87006,0.44834,0.40597,0.37136,0.76012
AACTA,0.8113,0.25277,0.41493,0.6335,0.26204
AACTC,0.82034,0.32472,0.32836,0.68447,0.29865
AACTG,0.86893,0.20849,0.48955,0.67294,0.40751
AAGAA,0.85424,0.35978,0.58209,0.79187,0.53757
AAGAC,0.86441,0.37269,0.53731,0.77002,0.43642
AAGAG,0.87797,0.30627,0.54627,0.80643,0.50385
AAGAT,0.79435,0.50923,0.31343,0.78641,0.30539
AAGCA,0.85876,0.41513,0.52537,0.91262,0.34778
AAGCC,0.84633,0.49077,0.39403,0.90777,0.26686
AAGCG,0.89718,0.41513,0.53134,0.88592,0.40848
AAGCT,0.85424,0.48524,0.38507,0.90716,0.28902
AAGGA,0.85424,0.23247,0.43582,0.92112,0.39884
AAGGC,0.89831,0.18266,0.49552,0.9108,0.39499
AAGGG,0.87797,0.11439,0.46866,0.99333,0.32081
AAGGT,0.80791,0.30443,0.26866,0.91201,0.26493
AAGTA,0.81921,0.32657,0.35224,0.74333,0.25723
AAGTC,0.79548,0.33948,0.26567,0.75485,0.21773
AAGTG,0.83729,0.28413,0.38507,0.72998,0.3025
AAGTT,0.8,0.45756,0.14627,0.62197,0.22929
AATAA,0.6904,0.21587,0.8,0.41626,0.86127
AATAC,0.69605,0.24354,0.73134,0.36772,0.74952
AATAG,0.68701,0.41697,0.53731,0.29733,0.53276
AATAT,0.67119,0.32288,0.58209,0.36893,0.69461
AATCA,0.62486,0.39114,0.4806,0.40049,0.37283
AATCC,0.58644,0.45756,0.4,0.41505,0.33141
AATCG,0.63503,0.38376,0.51045,0.42476,0.37958
AATCT,0.46215,0.54428,0.26866,0.37621,0.22929
AATGA,0.61695,0.26937,0.4806,0.45449,0.54432
AATGC,0.68701,0.27675,0.60896,0.4199,0.57611
AATGG,0.71412,0.19004,0.66567,0.45692,0.62717
AATGT,0.55932,0.41144,0.42388,0.34527,0.58767
AATTA,0.5887,0.39852,0.45075,0.26153,0.28902
AATTC,0.30169,0.46125,0.26866,0.32342,0.16859
AATTG,0.54463,0.37454,0.41493,0.27791,0.25434
ACAAA,0.64746,0.57749,0.70448,0.27184,0.8237
ACAAC,0.74576,0.51107,0.81493,0.29187,0.79576
ACAAG,0.68927,0.51292,0.69851,0.35133,0.73603
ACACA,0.76949,0.39114,0.79104,0.43568,0.66956
ACACC,0.73785,0.39299,0.73433,0.4818,0.70231
ACACG,0.76384,0.39299,0.78209,0.42961,0.77071
ACAGA,0.73446,0.15498,0.7403,0.57706,0.74085
ACAGC,0.74576,0.13469,0.73433,0.55643,0.79769
ACAGG,0.75141,0.09594,0.72836,0.59041,0.76012
ACAGT,0.73333,0.14207,0.70149,0.5091,0.78613
ACATA,0.7096,0.25461,0.68358,0.48483,0.65992
ACATC,0.67684,0.26015,0.58806,0.47694,0.6657
ACATG,0.72203,0.25646,0.63881,0.38592,0.7052
ACCAA,0.88023,0.40406,0.66567,0.71723,0.81792
ACCAC,0.92203,0.33395,0.75522,0.69842,0.79191
ACCAG,0.93672,0.33948,0.69851,0.7324,0.7736
ACCCA,0.89492,0.29889,0.5403,0.79672,0.4894
ACCCC,0.89605,0.2583,0.51642,0.85801,0.45183
ACCCG,0.90395,0.28967,0.55224,0.78762,0.52408
ACCGA,0.96045,0.17528,0.64776,0.7415,0.77071
ACCGC,0.94463,0.15683,0.66567,0.72573,0.75819
ACCGG,0.95254,0.15129,0.68955,0.6966,0.7553
ACCTA,0.89831,0.14207,0.54627,0.90837,0.42582
ACCTC,0.85198,0.13838,0.45373,0.94842,0.3738
ACCTG,0.88814,0.14207,0.50448,0.89988,0.43256
ACGAA,0.93672,0.4428,0.70448,0.59769,0.85742
ACGAC,0.92203,0.41697,0.74328,0.60073,0.77842
ACGAG,0.92429,0.43358,0.6806,0.6074,0.77264
ACGCA,1.0,0.4262,0.72239,0.74393,0.79672
ACGCC,0.95932,0.46863,0.66567,0.78155,0.73025
ACGCG,0.98644,0.38561,0.70149,0.71481,0.80443
ACGGA,0.94915,0.24723,0.6597,0.79794,0.6763
ACGGC,0.95932,0.22325,0.66567,0.76092,0.76686
ACGGG,0.92994,0.19004,0.61791,0.83131,0.68786
ACGGT,0.91751,0.26199,0.56119,0.71117,0.7736
ACGTA,0.95367,0.34317,0.59403,0.52124,0.76975
ACGTC,0.90734,0.36531,0.55224,0.52124,0.74952
ACGTG,0.95367,0.33395,0.59701,0.46905,0.77457
ACTAA,0.75028,0.10148,0.8597,0.51032,0.98651
ACTAC,0.74576,0.09225,0.82687,0.50667,0.81118
ACTAG,0.70395,0.21218,0.6806,0.55036,0.6869
ACTCA,0.69944,0.23247,0.60896,0.54672,0.43642
ACTCC,0.67571,0.24354,0.56119,0.59223,0.41908
ACTCG,0.71073,0.20849,0.6209,0.52973,0.51252
ACTGA,0.7661,0.08856,0.78507,0.571,0.79094
ACTGC,0.75706,0.04797,0.76119,0.52913,0.76204
ACTGG,0.76045,0.09041,0.73731,0.5625,0.71387
ACTTA,0.6339,0.30443,0.48657,0.39745,0.34297
ACTTC,0.59548,0.28413,0.43582,0.46602,0.29094
ACTTG,0.63164,0.28967,0.49851,0.38228,0.36802
AGAAA,0.62599,0.69557,0.56418,0.36165,0.49518
AGAAC,0.64746,0.6679,0.59701,0.35922,0.4817
AGAAG,0.63503,0.67712,0.49254,0.37682,0.37669
AGACA,0.71299,0.54613,0.63881,0.48665,0.42871
AGACC,0.69492,0.54613,0.56119,0.51396,0.41137
AGACG,0.69492,0.54613,0.59104,0.46723,0.41426
AGACT,0.70056,0.55166,0.51343,0.52791,0.38536
AGAGA,0.70621,0.23801,0.64179,0.60012,0.4894
AGAGC,0.71638,0.23432,0.65373,0.6074,0.46724
AGAGG,0.72655,0.17528,0.63284,0.61468,0.47592
AGAGT,0.70395,0.23063,0.6,0.5267,0.54046
AGATA,0.69266,0.37638,0.55821,0.50243,0.40077
AGATC,0.61017,0.42251,0.45075,0.50243,0.30636
AGATG,0.6565,0.35055,0.5403,0.52549,0.34297
AGCAA,0.86554,0.59225,0.66567,0.79794,0.69075
AGCAC,0.94011,0.53321,0.77015,0.77184,0.70713
AGCAG,0.89153,0.54428,0.68955,0.78337,0.70424
AGCCA,0.85537,0.5572,0.50149,0.83434,0.35067
AGCCC,0.92203,0.54428,0.52537,0.85133,0.41715
AGCCG,0.91073,0.51476,0.59104,0.81735,0.4817
AGCGA,0.95254,0.40037,0.69851,0.7858,0.74374
AGCGC,0.94689,0.36162,0.69552,0.76699,0.70135
AGCGG,0.97062,0.38192,0.68657,0.77245,0.68015
AGCGT,0.95141,0.47048,0.6,0.76335,0.70617
AGCTA,0.91073,0.34686,0.60597,0.92294,0.41426
AGCTC,0.88136,0.37454,0.53134,0.95146,0.36031
AGCTG,0.89831,0.32841,0.58209,0.91808,0.41137
AGGAA,0.8904,0.52952,0.57015,0.7057,0.52216
AGGAC,0.91638,0.51661,0.58507,0.67476,0.50289
AGGAG,0.90395,0.50185,0.53134,0.70995,0.46435
AGGCA,0.94802,0.49446,0.58806,0.8574,0.43834
AGGCC,0.93785,0.5,0.55821,0.86833,0.45087
AGGCG,0.94689,0.52952,0.57313,0.8307,0.44894
AGGCT,0.90282,0.60332,0.44179,0.85983,0.33815
AGGGA,0.92768,0.23432,0.54627,0.89502,0.45568
AGGGC,0.96497,0.2417,0.56119,0.88774,0.44123
AGGGG,0.92768,0.22878,0.52836,0.92172,0.41522
AGGGT,0.8904,0.33948,0.42985,0.84284,0.4027
AGGTA,0.8904,0.4631,0.44179,0.67233,0.3025
AGGTC,0.85763,0.45756,0.39701,0.65777,0.34489
AGGTG,0.90282,0.42804,0.46866,0.59891,0.41715
AGTAA,0.69266,0.40406,0.75224,0.54369,0.72254
AGTAC,0.75706,0.33579,0.80299,0.50667,0.76108
AGTAG,0.69605,0.4059,0.70149,0.50667,0.67919
AGTCA,0.67571,0.48708,0.60896,0.50971,0.39114
AGTCC,0.6678,0.53875,0.49552,0.55643,0.33044
AGTCG,0.63616,0.52952,0.5194,0.50728,0.32852
AGTGA,0.72203,0.29336,0.70746,0.571,0.65318
AGTGC,0.73898,0.33579,0.73134,0.5358,0.61561
AGTGG,0.76158,0.33026,0.73433,0.55279,0.63873
AGTGT,0.73785,0.40221,0.67164,0.48726,0.66281
AGTTA,0.64407,0.51107,0.54328,0.35012,0.30347
AGTTC,0.59209,0.57749,0.41791,0.36772,0.25241
AGTTG,0.59322,0.56089,0.45672,0.31675,0.25241
ATAAA,0.69266,0.51845,0.83881,0.25121,1.0
ATAAC,0.70395,0.47232,0.82687,0.36408,0.78131
ATAAG,0.69266,0.48524,0.78507,0.36226,0.79094
ATAAT,0.66667,0.55351,0.72537,0.31796,0.83044
ATACA,0.75593,0.36716,0.88657,0.45995,0.83815
ATACC,0.74124,0.39852,0.7791,0.49454,0.78902
ATACG,0.76949,0.35424,0.8,0.45267,0.83044
ATACT,0.72881,0.39114,0.75224,0.50364,0.82274
ATAGA,0.74915,0.1107,0.84776,0.57524,0.88728
ATAGC,0.74463,0.11624,0.75224,0.58677,0.76879
ATAGG,0.75028,0.11993,0.8209,0.58495,0.8025
ATAGT,0.7209,0.22878,0.6,0.50061,0.68015
ATATA,0.76836,0.15314,0.86866,0.45874,0.92871
ATATC,0.69492,0.2214,0.76119,0.49818,0.76782
ATATG,0.70169,0.22878,0.73731,0.49636,0.73025
ATCAA,0.89831,0.46679,0.79701,0.56978,0.97495
ATCAC,0.89379,0.43911,0.74627,0.60558,0.80829
ATCAG,0.91751,0.47232,0.74328,0.60437,0.84682
ATCCA,0.90169,0.4631,0.62388,0.65595,0.58189
ATCCC,0.89492,0.44649,0.58507,0.70388,0.53179
ATCCG,0.92203,0.42435,0.48358,0.72937,0.44123
ATCCT,0.8904,0.51845,0.49552,0.68083,0.52601
ATCGA,0.92203,0.33395,0.71045,0.57221,0.89306
ATCGC,0.9435,0.31365,0.72537,0.57949,0.82274
ATCGG,0.95367,0.30074,0.71642,0.56796,0.79672
ATCGT,0.88362,0.45572,0.58209,0.58617,0.79769
ATCTA,0.90282,0.29151,0.56418,0.80765,0.48748
ATCTC,0.86328,0.2786,0.56418,0.83313,0.47977
ATCTG,0.87797,0.23616,0.63582,0.83799,0.5289
ATGAA,0.90621,0.50738,0.79104,0.6335,0.93256
ATGAC,0.90734,0.5203,0.77612,0.61529,0.80347
ATGAG,0.92768,0.47232,0.71045,0.63471,0.85453
ATGAT,0.84972,0.5572,0.5791,0.62864,0.77264
ATGCA,0.95932,0.53506,0.80597,0.77549,0.82081
ATGCC,0.94463,0.55535,0.7403,0.8125,0.76686
ATGCG,0.97514,0.52214,0.8209,0.75728,0.8632
ATGCT,0.92655,0.60332,0.71045,0.77852,0.76879
ATGGA,0.93672,0.29889,0.74328,0.79733,0.85067
ATGGC,0.92203,0.31365,0.71045,0.8125,0.7264
ATGGG,0.92881,0.28598,0.69851,0.85801,0.69653
ATGGT,0.92429,0.41697,0.63284,0.73908,0.78998
ATGTA,0.92203,0.45203,0.72239,0.55279,0.81985
ATGTC,0.89718,0.43727,0.64776,0.571,0.75434
ATGTG,0.91525,0.41328,0.68657,0.46602,0.8632
ATTAA,0.69153,0.45203,0.81493,0.31493,0.96821
ATTAC,0.68249,0.48893,0.77313,0.31371,0.77553
ATTAG,0.71864,0.44834,0.81194,0.29915,0.94701
ATTCA,0.66667,0.57011,0.70746,0.34466,0.54624
ATTCC,0.60791,0.61624,0.54925,0.41869,0.4316
ATTCG,0.64068,0.59594,0.60597,0.36104,0.49904
ATTCT,0.59322,0.71956,0.47164,0.38592,0.39981
ATTGA,0.71299,0.4262,0.7791,0.3392,0.8921
ATTGC,0.67571,0.45387,0.68657,0.35862,0.70135
ATTGG,0.70847,0.4059,0.73134,0.35133,0.79769
ATTGT,0.68927,0.56089,0.65075,0.27731,0.842
ATTTA,0.59887,0.6845,0.56716,0.16019,0.49518
ATTTC,0.47119,0.69557,0.42388,0.2682,0.29094
ATTTG,0.41921,0.72509,0.3791,0.19114,0.25819
CAAAG,0.54576,0.62546,0.49851,0.22209,0.28613
CAACG,0.67684,0.47786,0.63582,0.29126,0.37476
CAAGG,0.65876,0.23616,0.53731,0.446,0.33719
CAATG,0.63616,0.23616,0.54925,0.36954,0.31696
CACAG,0.91638,0.37085,0.73731,0.5091,0.79094
CACCG,0.94237,0.32103,0.61791,0.60376,0.52119
CACGG,0.95706,0.23985,0.67164,0.48847,0.73218
CAGAG,0.89492,0.17159,0.68358,0.81614,0.5183
CAGCG,0.93785,0.27306,0.6806,0.89745,0.47977
CAGGG,0.91186,0.02399,0.59701,0.99333,0.3526
CAGTG,0.93785,0.09041,0.63582,0.72755,0.4817
CATAG,0.7209,0.18081,0.8,0.50425,0.73892
CATCG,0.66893,0.28044,0.62388,0.49697,0.39306
CATGG,0.7661,0.12362,0.74328,0.4551,0.65029
CCAGG,0.77627,0.02768,0.76119,0.66566,0.63102
CCGGG,0.95706,0.07934,0.69851,0.804,0.67052
CGACG,0.72429,0.45203,0.69851,0.48665,0.46243
CGAGG,0.72316,0.14207,0.69552,0.61833,0.45857
CGCGG,0.99774,0.27491,0.79403,0.74393,0.73314
CGGCG,0.95141,0.45387,0.66866,0.80947,0.51927
CGGGG,0.93559,0.17712,0.62388,0.8835,0.48362
CGTGG,0.78192,0.2583,0.83284,0.52427,0.6975
CTAAG,0.70395,0.44649,0.78806,0.37621,0.78709
CTACG,0.77514,0.30996,0.87164,0.49029,0.78709
CTAGG,0.75593,0.06827,0.84776,0.6068,0.78324
CTCCG,0.92429,0.40406,0.64478,0.69417,0.53661
CTCGG,0.98757,0.19557,0.83582,0.63046,0.85164
CTGAG,0.96045,0.4059,0.80896,0.63289,0.81696
CTGCG,0.96949,0.45756,0.84179,0.7682,0.78709
CTGGG,0.96836,0.23063,0.75821,0.85194,0.67534
CTTCG,0.65763,0.5,0.61791,0.40716,0.46821
CTTGG,0.73785,0.39299,0.73433,0.41262,0.70617
GAAAC,0.5887,0.66974,0.56418,0.22755,0.38728
GAAAG,0.5322,0.65314,0.45075,0.27791,0.27071
GAACC,0.60904,0.52768,0.4806,0.39017,0.29672
GAACG,0.65198,0.52399,0.56418,0.3307,0.37187
GAAGC,0.64746,0.19373,0.58806,0.51578,0.35742
GAAGG,0.64407,0.17159,0.53134,0.554,0.29865
GAATC,0.57175,0.32657,0.45075,0.42779,0.23314
GAATG,0.57175,0.31365,0.4597,0.42961,0.19364
GACAC,0.92655,0.37269,0.78806,0.56189,0.76108
GACAG,0.90508,0.38007,0.7194,0.58434,0.72736
GACCC,0.88136,0.39299,0.47761,0.6784,0.4027
GACCG,0.91412,0.35978,0.54925,0.63835,0.48073
GACGC,0.94237,0.21402,0.66866,0.554,0.73988
GACGG,0.93785,0.20849,0.67164,0.56796,0.68497
GACTG,0.90621,0.10886,0.64179,0.76153,0.48651
GAGAC,0.89153,0.2786,0.65373,0.79187,0.49518
GAGAG,0.8791,0.19557,0.6209,0.84769,0.46917
GAGCC,0.90508,0.32841,0.54328,0.96966,0.37283
GAGCG,0.92429,0.29889,0.64776,0.92172,0.46724
GAGGC,0.90056,0.03506,0.59701,0.95934,0.43256
GAGGG,0.90847,0.02583,0.57612,1.0,0.39692
GAGTC,0.87797,0.16421,0.50149,0.81311,0.36513
GAGTG,0.89605,0.09041,0.57612,0.80097,0.40462
GATAC,0.73333,0.15129,0.83582,0.51274,0.7553
GATAG,0.7322,0.12915,0.80299,0.46299,0.75434
GATCC,0.67119,0.34871,0.53134,0.54308,0.35067
GATCG,0.67684,0.26753,0.62985,0.52913,0.42678
GATGC,0.71751,0.15129,0.75522,0.54066,0.6262
GATGG,0.74576,0.11808,0.8,0.54794,0.68786
GATTG,0.63503,0.25461,0.58507,0.375,0.34586
GCAAG,0.72316,0.40037,0.77612,0.40109,0.70617
GCACG,0.78079,0.33395,0.86269,0.49211,0.70039
GCAGC,0.7774,0.07934,0.84179,0.59163,0.72447
GCAGG,0.7774,0.01845,0.79701,0.6426,0.64547
GCATG,0.76723,0.13284,0.79104,0.42961,0.69364
GCCAG,0.94915,0.26753,0.77015,0.79915,0.7158
GCCCG,0.90847,0.21218,0.62687,0.83617,0.4894
GCCGG,0.96836,0.10148,0.74925,0.78459,0.69075
GCCTG,0.89944,0.01845,0.62388,0.92415,0.46724
GCGAG,0.95593,0.2583,0.7791,0.61893,0.80829
GCGCG,0.99209,0.29705,0.80299,0.74575,0.74952
GCGGC,0.95932,0.09041,0.75224,0.77549,0.72447
GCGGG,0.9548,0.07196,0.73134,0.83495,0.68304
GCGTG,0.96723,0.19742,0.71642,0.5176,0.7736
GCTAG,0.75932,0.10148,0.84179,0.60498,0.74085
GCTCG,0.72542,0.16605,0.70149,0.59041,0.48844
GCTGG,0.79435,0.01107,0.8,0.64563,0.66859
GCTTG,0.68136,0.16236,0.62388,0.47816,0.37283
GGAAG,0.67119,0.50554,0.53134,0.429,0.44123
GGACC,0.69266,0.51476,0.58209,0.54369,0.3921
GGACG,0.71186,0.48155,0.64776,0.50971,0.44701
GGAGC,0.70621,0.20295,0.65672,0.6335,0.44509
GGAGG,0.71977,0.19188,0.6209,0.65291,0.40462
GGATG,0.66667,0.30074,0.59403,0.53762,0.37283
GGCAG,0.96158,0.46494,0.76418,0.80765,0.75241
GGCCG,0.92881,0.47601,0.62985,0.83677,0.49518
GGCGC,0.95706,0.33579,0.76418,0.79612,0.70906
GGCGG,0.96045,0.34133,0.72836,0.81189,0.64355
GGCTG,0.92203,0.31365,0.62687,0.929,0.41715
GGGAG,0.94463,0.38192,0.59701,0.72269,0.51541
GGGCC,0.91977,0.48524,0.57313,0.88471,0.42486
GGGCG,0.9548,0.47232,0.62985,0.82646,0.49518
GGGGC,0.92655,0.21402,0.58806,0.87257,0.46243
GGGGG,0.94237,0.16052,0.56716,0.93932,0.42967
GGGTG,0.93446,0.33395,0.57313,0.64442,0.45761
GGTAG,0.73446,0.35978,0.80597,0.51214,0.73218
GGTCG,0.66102,0.51107,0.58806,0.51092,0.3815
GGTGC,0.75932,0.32288,0.80896,0.52306,0.66763
GGTGG,0.76158,0.30074,0.80896,0.57039,0.65029
GGTTG,0.65198,0.22878,0.58806,0.75061,0.40173
GTAAC,0.73898,0.40221,0.89851,0.34466,0.80732
GTAAG,0.71864,0.39668,0.82687,0.37621,0.78227
GTACC,0.76271,0.33579,0.89254,0.5091,0.74855
GTACG,0.7887,0.30074,0.9194,0.46541,0.77746
GTAGC,0.76384,0.0738,0.90448,0.57949,0.75915
GTAGG,0.76497,0.04982,0.86866,0.62621,0.73892
GTATG,0.77401,0.09594,0.9194,0.4909,0.79961
GTCAG,0.94463,0.42804,0.84179,0.61165,0.81214
GTCCC,0.91412,0.46494,0.61194,0.68143,0.49615
GTCCG,0.92994,0.46494,0.66567,0.6335,0.54624
GTCGC,0.96384,0.29889,0.80896,0.58313,0.81021
GTCGG,0.95819,0.30627,0.80299,0.59284,0.74566
GTCTG,0.92768,0.27122,0.70746,0.76092,0.52408
GTGAC,0.95593,0.4631,0.94328,0.58799,0.78035
GTGAG,0.95706,0.41328,0.8806,0.6074,0.82563
GTGCC,0.95028,0.51845,0.83881,0.7949,0.73603
GTGCG,0.97514,0.48893,0.90448,0.75121,0.78035
GTGGC,0.94463,0.2214,0.7791,0.75728,0.72929
GTGGG,0.95593,0.25092,0.76418,0.82342,0.6869
GTGTG,0.97062,0.32657,0.8597,0.50667,0.82948
GTTAG,0.73672,0.4428,0.8806,0.35558,0.79094
GTTCC,0.65311,0.60701,0.59403,0.40049,0.38728
GTTCG,0.67232,0.57749,0.67164,0.3659,0.4817
GTTGC,0.74576,0.45203,0.85075,0.34951,0.73507
GTTGG,0.74463,0.11808,0.76716,0.40716,0.87765
GTTTG,0.60113,0.61624,0.62687,0.20692,0.38054
TAAAA,0.58757,0.68266,0.60896,0.19539,0.40366
TAAAC,0.64859,0.66421,0.67164,0.18022,0.45568
TAAAG,0.61695,0.63653,0.55224,0.22209,0.39306
TAACA,0.69379,0.47786,0.69254,0.31311,0.42004
TAACC,0.65876,0.50369,0.60299,0.34466,0.35164
TAACG,0.68701,0.48339,0.68657,0.31553,0.39114
TAAGA,0.65989,0.2214,0.6209,0.48544,0.37091
TAAGC,0.68927,0.19373,0.64478,0.46056,0.39306
TAAGG,0.67006,0.19188,0.58507,0.5085,0.28227
TAATA,0.67571,0.26937,0.67463,0.39624,0.36031
TAATC,0.63729,0.28413,0.58507,0.37985,0.32466
TAATG,0.64859,0.26753,0.61194,0.36347,0.31696
TACAA,0.94463,0.34686,0.90746,0.56675,0.86127
TACAC,0.96158,0.33948,0.86269,0.60255,0.72158
TACAG,0.93559,0.34317,0.76418,0.60801,0.75048
TACCA,0.92542,0.34686,0.6806,0.64017,0.50289
TACCC,0.91412,0.36347,0.55522,0.69782,0.40173
TACCG,0.93898,0.34871,0.62985,0.63835,0.50096
TACGA,0.97175,0.21956,0.82388,0.60862,0.79865
TACGC,0.96723,0.19742,0.73731,0.56371,0.76204
TACGG,0.95367,0.19188,0.7403,0.59527,0.68112
TACTC,0.89944,0.12915,0.54925,0.81675,0.34489
TACTG,0.92994,0.09779,0.6806,0.74697,0.46724
TAGAA,0.91186,0.2952,0.7403,0.77549,0.56358
TAGAC,0.93333,0.26568,0.73731,0.78216,0.51445
TAGAG,0.94011,0.16605,0.76418,0.80643,0.56744
TAGCA,0.94237,0.27306,0.74925,0.90473,0.4817
TAGCC,0.91525,0.34502,0.64179,0.92779,0.40559
TAGCG,0.94124,0.29336,0.70746,0.90291,0.46532
TAGGA,0.89492,0.12731,0.63582,0.91748,0.48651
TAGGC,0.89718,0.0572,0.63284,0.92718,0.44123
TAGGG,0.92316,0.03321,0.63881,0.96784,0.41618
TAGTA,0.93898,0.10332,0.7403,0.76092,0.49326
TAGTC,0.91412,0.10886,0.66567,0.76517,0.50674
TAGTG,0.94463,0.09779,0.67463,0.74454,0.45665
TATAA,0.77175,0.131,0.96119,0.56857,0.86127
TATAC,0.77627,0.13653,0.94328,0.52367,0.78902
TATAG,0.75932,0.15498,0.87761,0.53519,0.77746
TATCA,0.71751,0.25461,0.75522,0.55765,0.43642
TATCC,0.6904,0.3155,0.63582,0.54854,0.39017
TATCG,0.73107,0.24354,0.73731,0.53883,0.47013
TATGA,0.77175,0.15129,0.89254,0.57706,0.73603
TATGC,0.78531,0.13653,0.86866,0.50971,0.76108
TATGG,0.78644,0.12177,0.90448,0.59587,0.67341
TATTC,0.6226,0.36162,0.49552,0.39442,0.27168
TATTG,0.65989,0.23985,0.64776,0.41323,0.32852
TCAAC,0.73446,0.43358,0.83582,0.38167,0.75241
TCAAG,0.70847,0.40221,0.76119,0.39624,0.75337
TCACC,0.74689,0.30074,0.76119,0.57464,0.68304
TCACG,0.77514,0.32657,0.85373,0.51153,0.73988
TCAGA,0.74802,0.06827,0.78209,0.61833,0.78227
TCAGC,0.77853,0.04797,0.86269,0.6159,0.7948
TCAGG,0.74576,0.00923,0.78209,0.67961,0.67823
TCATC,0.68023,0.16236,0.66567,0.55461,0.62235
TCATG,0.76497,0.16974,0.72239,0.43993,0.72447
TCCAC,0.94237,0.29336,0.81493,0.79066,0.76301
TCCAG,0.93898,0.2583,0.73433,0.821,0.75241
TCCCC,0.93785,0.21033,0.57015,0.91444,0.48266
TCCCG,0.9209,0.25461,0.62687,0.84648,0.51734
TCCGC,0.94802,0.0941,0.72239,0.81068,0.7264
TCCGG,0.98192,0.14022,0.75821,0.80825,0.68786
TCCTC,0.91186,0.07196,0.58209,0.97512,0.4499
TCCTG,0.91186,0.04797,0.61791,0.94721,0.46917
TCGAC,0.96723,0.33579,0.83284,0.59648,0.83526
TCGAG,0.98079,0.30074,0.76716,0.59405,0.85934
TCGCC,0.96384,0.35793,0.76119,0.82039,0.73218
TCGCG,0.99887,0.31365,0.76716,0.74272,0.80636
TCGGA,0.95932,0.13653,0.74925,0.81735,0.76686
TCGGC,0.94463,0.04613,0.77015,0.79551,0.7948
TCGGG,0.94576,0.14022,0.70746,0.82464,0.73121
TCGTC,0.93672,0.26753,0.68955,0.57039,0.77071
TCGTG,0.94576,0.26199,0.72836,0.51942,0.82852
TCTAC,0.77627,0.04428,0.86866,0.61468,0.73507
TCTAG,0.78644,0.09225,0.89254,0.57828,0.84875
TCTCC,0.71525,0.21587,0.61791,0.63167,0.44894
TCTCG,0.72994,0.16236,0.69254,0.5892,0.50482
TCTGC,0.79548,0.02214,0.86567,0.59587,0.79383
TCTGG,0.78079,0.0,0.80896,0.63228,0.66089
TCTTC,0.63616,0.23432,0.49851,0.50546,0.37476
TCTTG,0.66667,0.21402,0.61791,0.44842,0.41522
TGAAC,0.69831,0.53137,0.74627,0.37197,0.51445
TGAAG,0.69153,0.49077,0.68657,0.38046,0.52023
TGACA,0.73107,0.42251,0.77015,0.49939,0.4605
TGACC,0.67119,0.49631,0.62388,0.51881,0.39114
TGACG,0.73898,0.41697,0.75821,0.48786,0.48266
TGAGA,0.73446,0.18635,0.72836,0.60012,0.49422
TGAGC,0.73672,0.12362,0.76119,0.59223,0.50963
TGAGG,0.74576,0.11439,0.73134,0.6159,0.48651
TGATC,0.64972,0.29151,0.57313,0.52791,0.3632
TGATG,0.70621,0.21771,0.70746,0.5085,0.44027
TGCAC,0.97401,0.47786,0.92239,0.77488,0.75434
TGCAG,0.97062,0.48155,0.87761,0.77852,0.78613
TGCCC,0.95254,0.47786,0.64776,0.84891,0.4817
TGCCG,0.96497,0.44834,0.69254,0.81311,0.52697
TGCGA,0.9887,0.36162,0.84478,0.77063,0.81021
TGCGC,0.99887,0.31365,0.85373,0.76274,0.79287
TGCGG,0.99096,0.35424,0.81791,0.75121,0.7447
TGCTC,0.90169,0.28967,0.67164,0.94478,0.42582
TGCTG,0.94576,0.27306,0.72239,0.89745,0.49133
TGGAC,0.92429,0.45941,0.69851,0.65109,0.53565
TGGAG,0.90169,0.43727,0.64776,0.67112,0.52601
TGGCA,0.94689,0.44834,0.71343,0.821,0.50289
TGGCC,0.93107,0.49262,0.6209,0.84769,0.45279
TGGCG,0.95254,0.44096,0.6597,0.821,0.48266
TGGGA,0.9096,0.1845,0.6209,0.85498,0.53468
TGGGC,0.90621,0.21033,0.62985,0.83374,0.45857
TGGGG,0.92655,0.16974,0.60896,0.87925,0.46917
TGGTC,0.90056,0.37454,0.59403,0.62743,0.4894
TGGTG,0.92994,0.38376,0.59403,0.57706,0.48459
TGTAC,0.79209,0.30258,1.0,0.51638,0.77457
TGTAG,0.77514,0.37269,0.86269,0.47998,0.65511
TGTCC,0.71751,0.49815,0.64776,0.53398,0.40944
TGTCG,0.72768,0.46494,0.72537,0.50121,0.45761
TGTGA,0.78644,0.28967,0.89254,0.52731,0.73314
TGTGC,0.80113,0.33579,0.92239,0.49818,0.72447
TGTGG,0.79322,0.27122,0.8806,0.55704,0.69075
TGTTC,0.6339,0.51476,0.59701,0.33981,0.37091
TGTTG,0.69266,0.45941,0.71343,0.29248,0.39981
TTAAA,0.69831,0.49631,0.8597,0.35255,0.78516
TTAAC,0.72655,0.41328,0.89552,0.36833,0.87861
TTAAG,0.71751,0.42251,0.81493,0.42112,0.77553
TTACA,0.75932,0.3155,0.93731,0.54369,0.84393
TTACC,0.69492,0.39483,0.77015,0.56432,0.71676
TTACG,0.77062,0.26937,0.97313,0.53398,0.86609
TTAGA,0.77514,0.07011,0.9403,0.60073,0.90173
TTAGC,0.75254,0.10886,0.88657,0.63046,0.79576
TTAGG,0.76158,0.08118,0.92836,0.6517,0.80058
TTATC,0.72429,0.14945,0.90746,0.53701,0.83622
TTATG,0.75819,0.10148,0.94627,0.51274,0.87765
TTCAC,0.93446,0.42989,0.92239,0.625,0.88343
TTCAG,0.96949,0.40221,0.9194,0.64078,0.94027
TTCCA,0.88588,0.45387,0.63284,0.68629,0.579
TTCCC,0.91412,0.43727,0.56119,0.73544,0.52987
TTCCG,0.88814,0.47417,0.66866,0.67658,0.49711
TTCGA,0.93559,0.2786,0.86567,0.63835,0.92293
TTCGC,0.92768,0.30627,0.8,0.63289,0.82563
TTCGG,0.93785,0.30996,0.75522,0.63289,0.76108
TTCTC,0.83955,0.2952,0.54328,0.85619,0.44123
TTCTG,0.86215,0.28782,0.68358,0.78823,0.53661
TTGAA,0.89944,0.41328,0.9403,0.63896,0.92582
TTGAC,0.94011,0.41328,0.91343,0.57282,0.94605
TTGAG,0.92655,0.39668,0.91045,0.6159,0.90462
TTGCA,0.94011,0.47786,0.87463,0.77124,0.81503
TTGCC,0.91299,0.54613,0.73134,0.81129,0.73699
TTGCG,0.94802,0.49446,0.88358,0.75061,0.84971
TTGGA,0.89718,0.30443,0.76716,0.83556,0.73507
TTGGC,0.9435,0.2583,0.80896,0.7682,0.80925
TTGGG,0.92655,0.19557,0.77313,0.79248,0.94316
TTGTC,0.90734,0.3524,0.81194,0.54794,0.8632
TTGTG,0.92203,0.4059,0.70149,0.50243,0.83141
TTTAC,0.71751,0.44834,0.91343,0.28034,0.91811
TTTAG,0.75254,0.47417,0.88657,0.32342,0.87861
TTTCA,0.68136,0.54059,0.76119,0.34587,0.59923
TTTCC,0.60678,0.69373,0.53134,0.38956,0.42486
TTTCG,0.59548,0.60701,0.63582,0.35983,0.5106
TTTGA,0.68023,0.4631,0.8209,0.37803,0.77842
TTTGC,0.65424,0.43542,0.76418,0.34163,0.66763
TTTGG,0.67232,0.44834,0.76716,0.43629,0.62524
TTTTC,0.4452,0.77491,0.44776,0.20328,0.26879
TTTTG,0.54576,0.69373,0.57015,0.16505,0.41618
TTTTT,0.39435,1.0,0.15821,0.0,0.1657
GTTTT,0.52203,0.84502,0.35821,0.12379,0.24855
CTTTT,0.36158,0.85609,0.24776,0.11104,0.13873
ATTTT,0.31525,0.89299,0.23284,0.0983,0.23603
TGTTT,0.62599,0.63653,0.53731,0.20995,0.37091
GGTTT,0.50508,0.70295,0.36119,0.24879,0.24952
CGTTT,0.60113,0.65683,0.47164,0.20388,0.35549
AGTTT,0.48588,0.71956,0.29851,0.22633,0.18304
TCTTT,0.54237,0.45756,0.34925,0.35194,0.27071
GCTTT,0.54576,0.41144,0.35224,0.35983,0.21965
CCTTT,0.54011,0.34686,0.35821,0.44296,0.17919
ACTTT,0.19774,0.54428,0.14925,0.29308,0.11753
TATTT,0.57401,0.56642,0.2806,0.23544,0.15607
GATTT,0.54576,0.46494,0.3791,0.25728,0.27842
CATTT,0.47119,0.49446,0.29552,0.28823,0.11368
AATTT,0.0,0.71033,0.0,0.09466,0.0
TTGTT,0.83277,0.49077,0.63284,0.38471,0.84489
GTGTT,0.89605,0.44649,0.65672,0.43143,0.73988
CTGTT,0.88588,0.44834,0.62687,0.43993,0.79094
ATGTT,0.84633,0.56642,0.43284,0.38167,0.77553
TGGTT,0.83051,0.48339,0.44179,0.4642,0.46724
GGGTT,0.85763,0.53137,0.35224,0.5358,0.38632
CGGTT,0.88475,0.44096,0.45075,0.5182,0.47206
AGGTT,0.8452,0.6107,0.23582,0.50728,0.31696
TCGTT,0.89831,0.31919,0.58209,0.41808,0.7948
GCGTT,0.90734,0.32657,0.53433,0.40049,0.73603
CCGTT,0.89605,0.33948,0.52836,0.3926,0.6869
ACGTT,0.87006,0.44834,0.40597,0.37136,0.76012
TAGTT,0.8113,0.25277,0.41493,0.6335,0.26204
GAGTT,0.82034,0.32472,0.32836,0.68447,0.29865
CAGTT,0.86893,0.20849,0.48955,0.67294,0.40751
TTCTT,0.85424,0.35978,0.58209,0.79187,0.53757
GTCTT,0.86441,0.37269,0.53731,0.77002,0.43642
CTCTT,0.87797,0.30627,0.54627,0.80643,0.50385
ATCTT,0.79435,0.50923,0.31343,0.78641,0.30539
TGCTT,0.85876,0.41513,0.52537,0.91262,0.34778
GGCTT,0.84633,0.49077,0.39403,0.90777,0.26686
CGCTT,0.89718,0.41513,0.53134,0.88592,0.40848
AGCTT,0.85424,0.48524,0.38507,0.90716,0.28902
TCCTT,0.85424,0.23247,0.43582,0.92112,0.39884
GCCTT,0.89831,0.18266,0.49552,0.9108,0.39499
CCCTT,0.87797,0.11439,0.46866,0.99333,0.32081
ACCTT,0.80791,0.30443,0.26866,0.91201,0.26493
TACTT,0.81921,0.32657,0.35224,0.74333,0.25723
GACTT,0.79548,0.33948,0.26567,0.75485,0.21773
CACTT,0.83729,0.28413,0.38507,0.72998,0.3025
AACTT,0.8,0.45756,0.14627,0.62197,0.22929
TTATT,0.6904,0.21587,0.8,0.41626,0.86127
GTATT,0.69605,0.24354,0.73134,0.36772,0.74952
CTATT,0.68701,0.41697,0.53731,0.29733,0.53276
ATATT,0.67119,0.32288,0.58209,0.36893,0.69461
TGATT,0.62486,0.39114,0.4806,0.40049,0.37283
GGATT,0.58644,0.45756,0.4,0.41505,0.33141
CGATT,0.63503,0.38376,0.51045,0.42476,0.37958
AGATT,0.46215,0.54428,0.26866,0.37621,0.22929
TCATT,0.61695,0.26937,0.4806,0.45449,0.54432
GCATT,0.68701,0.27675,0.60896,0.4199,0.57611
CCATT,0.71412,0.19004,0.66567,0.45692,0.62717
ACATT,0.55932,0.41144,0.42388,0.34527,0.58767
TAATT,0.5887,0.39852,0.45075,0.26153,0.28902
GAATT,0.30169,0.46125,0.26866,0.32342,0.16859
CAATT,0.54463,0.37454,0.41493,0.27791,0.25434
TTTGT,0.64746,0.57749,0.70448,0.27184,0.8237
GTTGT,0.74576,0.51107,0.81493,0.29187,0.79576
CTTGT,0.68927,0.51292,0.69851,0.35133,0.73603
TGTGT,0.76949,0.39114,0.79104,0.43568,0.66956
GGTGT,0.73785,0.39299,0.73433,0.4818,0.70231
CGTGT,0.76384,0.39299,0.78209,0.42961,0.77071
TCTGT,0.73446,0.15498,0.7403,0.57706,0.74085
GCTGT,0.74576,0.13469,0.73433,0.55643,0.79769
CCTGT,0.75141,0.09594,0.72836,0.59041,0.76012
ACTGT,0.73333,0.14207,0.70149,0.5091,0.78613
TATGT,0.7096,0.25461,0.68358,0.48483,0.65992
GATGT,0.67684,0.26015,0.58806,0.47694,0.6657
CATGT,0.72203,0.25646,0.63881,0.38592,0.7052
TTGGT,0.88023,0.40406,0.66567,0.71723,0.81792
GTGGT,0.92203,0.33395,0.75522,0.69842,0.79191
CTGGT,0.93672,0.33948,0.69851,0.7324,0.7736
TGGGT,0.89492,0.29889,0.5403,0.79672,0.4894
GGGGT,0.89605,0.2583,0.51642,0.85801,0.45183
CGGGT,0.90395,0.28967,0.55224,0.78762,0.52408
TCGGT,0.96045,0.17528,0.64776,0.7415,0.77071
GCGGT,0.94463,0.15683,0.66567,0.72573,0.75819
CCGGT,0.95254,0.15129,0.68955,0.6966,0.7553
TAGGT,0.89831,0.14207,0.54627,0.90837,0.42582
GAGGT,0.85198,0.13838,0.45373,0.94842,0.3738
CAGGT,0.88814,0.14207,0.50448,0.89988,0.43256
TTCGT,0.93672,0.4428,0.70448,0.59769,0.85742
GTCGT,0.92203,0.41697,0.74328,0.60073,0.77842
CTCGT,0.92429,0.43358,0.6806,0.6074,0.77264
TGCGT,1.0,0.4262,0.72239,0.74393,0.79672
GGCGT,0.95932,0.46863,0.66567,0.78155,0.73025
CGCGT,0.98644,0.38561,0.70149,0.71481,0.80443
TCCGT,0.94915,0.24723,0.6597,0.79794,0.6763
GCCGT,0.95932,0.22325,0.66567,0.76092,0.76686
CCCGT,0.92994,0.19004,0.61791,0.83131,0.68786
ACCGT,0.91751,0.26199,0.56119,0.71117,0.7736
TACGT,0.95367,0.34317,0.59403,0.52124,0.76975
GACGT,0.90734,0.36531,0.55224,0.52124,0.74952
CACGT,0.95367,0.33395,0.59701,0.46905,0.77457
TTAGT,0.75028,0.10148,0.8597,0.51032,0.98651
GTAGT,0.74576,0.09225,0.82687,0.50667,0.81118
CTAGT,0.70395,0.21218,0.6806,0.55036,0.6869
TGAGT,0.69944,0.23247,0.60896,0.54672,0.43642
GGAGT,0.67571,0.24354,0.56119,0.59223,0.41908
CGAGT,0.71073,0.20849,0.6209,0.52973,0.51252
TCAGT,0.7661,0.08856,0.78507,0.571,0.79094
GCAGT,0.75706,0.04797,0.76119,0.52913,0.76204
CCAGT,0.76045,0.09041,0.73731,0.5625,0.71387
TAAGT,0.6339,0.30443,0.48657,0.39745,0.34297
GAAGT,0.59548,0.28413,0.43582,0.46602,0.29094
CAAGT,0.63164,0.28967,0.49851,0.38228,0.36802
TTTCT,0.62599,0.69557,0.56418,0.36165,0.49518
GTTCT,0.64746,0.6679,0.59701,0.35922,0.4817
CTTCT,0.63503,0.67712,0.49254,0.37682,0.37669
TGTCT,0.71299,0.54613,0.63881,0.48665,0.42871
GGTCT,0.69492,0.54613,0.56119,0.51396,0.41137
CGTCT,0.69492,0.54613,0.59104,0.46723,0.41426
AGTCT,0.70056,0.55166,0.51343,0.52791,0.38536
TCTCT,0.70621,0.23801,0.64179,0.60012,0.4894
GCTCT,0.71638,0.23432,0.65373,0.6074,0.46724
CCTCT,0.72655,0.17528,0.63284,0.61468,0.47592
ACTCT,0.70395,0.23063,0.6,0.5267,0.54046
TATCT,0.69266,0.37638,0.55821,0.50243,0.40077
GATCT,0.61017,0.42251,0.45075,0.50243,0.30636
CATCT,0.6565,0.35055,0.5403,0.52549,0.34297
TTGCT,0.86554,0.59225,0.66567,0.79794,0.69075
GTGCT,0.94011,0.53321,0.77015,0.77184,0.70713
CTGCT,0.89153,0.54428,0.68955,0.78337,0.70424
TGGCT,0.85537,0.5572,0.50149,0.83434,0.35067
GGGCT,0.92203,0.54428,0.52537,0.85133,0.41715
CGGCT,0.91073,0.51476,0.59104,0.81735,0.4817
TCGCT,0.95254,0.40037,0.69851,0.7858,0.74374
GCGCT,0.94689,0.36162,0.69552,0.76699,0.70135
CCGCT,0.97062,0.38192,0.68657,0.77245,0.68015
ACGCT,0.95141,0.47048,0.6,0.76335,0.70617
TAGCT,0.91073,0.34686,0.60597,0.92294,0.41426
GAGCT,0.88136,0.37454,0.53134,0.95146,0.36031
CAGCT,0.89831,0.32841,0.58209,0.91808,0.41137
TTCCT,0.8904,0.52952,0.57015,0.7057,0.52216
GTCCT,0.91638,0.51661,0.58507,0.67476,0.50289
CTCCT,0.90395,0.50185,0.53134,0.70995,0.46435
TGCCT,0.94802,0.49446,0.58806,0.8574,0.43834
GGCCT,0.93785,0.5,0.55821,0.86833,0.45087
CGCCT,0.94689,0.52952,0.57313,0.8307,0.44894
AGCCT,0.90282,0.60332,0.44179,0.85983,0.33815
TCCCT,0.92768,0.23432,0.54627,0.89502,0.45568
GCCCT,0.96497,0.2417,0.56119,0.88774,0.44123
CCCCT,0.92768,0.22878,0.52836,0.92172,0.41522
ACCCT,0.8904,0.33948,0.42985,0.84284,0.4027
TACCT,0.8904,0.4631,0.44179,0.67233,0.3025
GACCT,0.85763,0.45756,0.39701,0.65777,0.34489
CACCT,0.90282,0.42804,0.46866,0.59891,0.41715
TTACT,0.69266,0.40406,0.75224,0.54369,0.72254
GTACT,0.75706,0.33579,0.80299,0.50667,0.76108
CTACT,0.69605,0.4059,0.70149,0.50667,0.67919
TGACT,0.67571,0.48708,0.60896,0.50971,0.39114
GGACT,0.6678,0.53875,0.49552,0.55643,0.33044
CGACT,0.63616,0.52952,0.5194,0.50728,0.32852
TCACT,0.72203,0.29336,0.70746,0.571,0.65318
GCACT,0.73898,0.33579,0.73134,0.5358,0.61561
CCACT,0.76158,0.33026,0.73433,0.55279,0.63873
ACACT,0.73785,0.40221,0.67164,0.48726,0.66281
TAACT,0.64407,0.51107,0.54328,0.35012,0.30347
GAACT,0.59209,0.57749,0.41791,0.36772,0.25241
CAACT,0.59322,0.56089,0.45672,0.31675,0.25241
TTTAT,0.69266,0.51845,0.83881,0.25121,1.0
GTTAT,0.70395,0.47232,0.82687,0.36408,0.78131
CTTAT,0.69266,0.48524,0.78507,0.36226,0.79094
ATTAT,0.66667,0.55351,0.72537,0.31796,0.83044
TGTAT,0.75593,0.36716,0.88657,0.45995,0.83815
GGTAT,0.74124,0.39852,0.7791,0.49454,0.78902
CGTAT,0.76949,0.35424,0.8,0.45267,0.83044
AGTAT,0.72881,0.39114,0.75224,0.50364,0.82274
TCTAT,0.74915,0.1107,0.84776,0.57524,0.88728
GCTAT,0.74463,0.11624,0.75224,0.58677,0.76879
CCTAT,0.75028,0.11993,0.8209,0.58495,0.8025
ACTAT,0.7209,0.22878,0.6,0.50061,0.68015
TATAT,0.76836,0.15314,0.86866,0.45874,0.92871
GATAT,0.69492,0.2214,0.76119,0.49818,0.76782
CATAT,0.70169,0.22878,0.73731,0.49636,0.73025
TTGAT,0.89831,0.46679,0.79701,0.56978,0.97495
GTGAT,0.89379,0.43911,0.74627,0.60558,0.80829
CTGAT,0.91751,0.47232,0.74328,0.60437,0.84682
TGGAT,0.90169,0.4631,0.62388,0.65595,0.58189
GGGAT,0.89492,0.44649,0.58507,0.70388,0.53179
CGGAT,0.92203,0.42435,0.48358,0.72937,0.44123
AGGAT,0.8904,0.51845,0.49552,0.68083,0.52601
TCGAT,0.92203,0.33395,0.71045,0.57221,0.89306
GCGAT,0.9435,0.31365,0.72537,0.57949,0.82274
CCGAT,0.95367,0.30074,0.71642,0.56796,0.79672
ACGAT,0.88362,0.45572,0.58209,0.58617,0.79769
TAGAT,0.90282,0.29151,0.56418,0.80765,0.48748
GAGAT,0.86328,0.2786,0.56418,0.83313,0.47977
CAGAT,0.87797,0.23616,0.63582,0.83799,0.5289
TTCAT,0.90621,0.50738,0.79104,0.6335,0.93256
GTCAT,0.90734,0.5203,0.77612,0.61529,0.80347
CTCAT,0.92768,0.47232,0.71045,0.63471,0.85453
ATCAT,0.84972,0.5572,0.5791,0.62864,0.77264
TGCAT,0.95932,0.53506,0.80597,0.77549,0.82081
GGCAT,0.94463,0.55535,0.7403,0.8125,0.76686
CGCAT,0.97514,0.52214,0.8209,0.75728,0.8632
AGCAT,0.92655,0.60332,0.71045,0.77852,0.76879
TCCAT,0.93672,0.29889,0.74328,0.79733,0.85067
GCCAT,0.92203,0.31365,0.71045,0.8125,0.7264
CCCAT,0.92881,0.28598,0.69851,0.85801,0.69653
ACCAT,0.92429,0.41697,0.63284,0.73908,0.78998
TACAT,0.92203,0.45203,0.72239,0.55279,0.81985
GACAT,0.89718,0.43727,0.64776,0.571,0.75434
CACAT,0.91525,0.41328,0.68657,0.46602,0.8632
TTAAT,0.69153,0.45203,0.81493,0.31493,0.96821
GTAAT,0.68249,0.48893,0.77313,0.31371,0.77553
CTAAT,0.71864,0.44834,0.81194,0.29915,0.94701
TGAAT,0.66667,0.57011,0.70746,0.34466,0.54624
GGAAT,0.60791,0.61624,0.54925,0.41869,0.4316
CGAAT,0.64068,0.59594,0.60597,0.36104,0.49904
AGAAT,0.59322,0.71956,0.47164,0.38592,0.39981
TCAAT,0.71299,0.4262,0.7791,0.3392,0.8921
GCAAT,0.67571,0.45387,0.68657,0.35862,0.70135
CCAAT,0.70847,0.4059,0.73134,0.35133,0.79769
ACAAT,0.68927,0.56089,0.65075,0.27731,0.842
TAAAT,0.59887,0.6845,0.56716,0.16019,0.49518
GAAAT,0.47119,0.69557,0.42388,0.2682,0.29094
CAAAT,0.41921,0.72509,0.3791,0.19114,0.25819
CTTTG,0.54576,0.62546,0.49851,0.22209,0.28613
CGTTG,0.67684,0.47786,0.63582,0.29126,0.37476
CCTTG,0.65876,0.23616,0.53731,0.446,0.33719
CATTG,0.63616,0.23616,0.54925,0.36954,0.31696
CTGTG,0.91638,0.37085,0.73731,0.5091,0.79094
CGGTG,0.94237,0.32103,0.61791,0.60376,0.52119
CCGTG,0.95706,0.23985,0.67164,0.48847,0.73218
CTCTG,0.89492,0.17159,0.68358,0.81614,0.5183
CGCTG,0.93785,0.27306,0.6806,0.89745,0.47977
CCCTG,0.91186,0.02399,0.59701,0.99333,0.3526
CACTG,0.93785,0.09041,0.63582,0.72755,0.4817
CTATG,0.7209,0.18081,0.8,0.50425,0.73892
CGATG,0.66893,0.28044,0.62388,0.49697,0.39306
CCATG,0.7661,0.12362,0.74328,0.4551,0.65029
CCTGG,0.77627,0.02768,0.76119,0.66566,0.63102
CCCGG,0.95706,0.07934,0.69851,0.804,0.67052
CGTCG,0.72429,0.45203,0.69851,0.48665,0.46243
CCTCG,0.72316,0.14207,0.69552,0.61833,0.45857
CCGCG,0.99774,0.27491,0.79403,0.74393,0.73314
CGCCG,0.95141,0.45387,0.66866,0.80947,0.51927
CCCCG,0.93559,0.17712,0.62388,0.8835,0.48362
CCACG,0.78192,0.2583,0.83284,0.52427,0.6975
CTTAG,0.70395,0.44649,0.78806,0.37621,0.78709
CGTAG,0.77514,0.30996,0.87164,0.49029,0.78709
CCTAG,0.75593,0.06827,0.84776,0.6068,0.78324
CGGAG,0.92429,0.40406,0.64478,0.69417,0.53661
CCGAG,0.98757,0.19557,0.83582,0.63046,0.85164
CTCAG,0.96045,0.4059,0.80896,0.63289,0.81696
CGCAG,0.96949,0.45756,0.84179,0.7682,0.78709
CCCAG,0.96836,0.23063,0.75821,0.85194,0.67534
CGAAG,0.65763,0.5,0.61791,0.40716,0.46821
CCAAG,0.73785,0.39299,0.73433,0.41262,0.70617
GTTTC,0.5887,0.66974,0.56418,0.22755,0.38728
CTTTC,0.5322,0.65314,0.45075,0.27791,0.27071
GGTTC,0.60904,0.52768,0.4806,0.39017,0.29672
CGTTC,0.65198,0.52399,0.56418,0.3307,0.37187
GCTTC,0.64746,0.19373,0.58806,0.51578,0.35742
CCTTC,0.64407,0.17159,0.53134,0.554,0.29865
GATTC,0.57175,0.32657,0.45075,0.42779,0.23314
CATTC,0.57175,0.31365,0.4597,0.42961,0.19364
GTGTC,0.92655,0.37269,0.78806,0.56189,0.76108
CTGTC,0.90508,0.38007,0.7194,0.58434,0.72736
GGGTC,0.88136,0.39299,0.47761,0.6784,0.4027
CGGTC,0.91412,0.35978,0.54925,0.63835,0.48073
GCGTC,0.94237,0.21402,0.66866,0.554,0.73988
CCGTC,0.93785,0.20849,0.67164,0.56796,0.68497
CAGTC,0.90621,0.10886,0.64179,0.76153,0.48651
GTCTC,0.89153,0.2786,0.65373,0.79187,0.49518
CTCTC,0.8791,0.19557,0.6209,0.84769,0.46917
GGCTC,0.90508,0.32841,0.54328,0.96966,0.37283
CGCTC,0.92429,0.29889,0.64776,0.92172,0.46724
GCCTC,0.90056,0.03506,0.59701,0.95934,0.43256
CCCTC,0.90847,0.02583,0.57612,1.0,0.39692
GACTC,0.87797,0.16421,0.50149,0.81311,0.36513
CACTC,0.89605,0.09041,0.57612,0.80097,0.40462
GTATC,0.73333,0.15129,0.83582,0.51274,0.7553
CTATC,0.7322,0.12915,0.80299,0.46299,0.75434
GGATC,0.67119,0.34871,0.53134,0.54308,0.35067
CGATC,0.67684,0.26753,0.62985,0.52913,0.42678
GCATC,0.71751,0.15129,0.75522,0.54066,0.6262
CCATC,0.74576,0.11808,0.8,0.54794,0.68786
CAATC,0.63503,0.25461,0.58507,0.375,0.34586
CTTGC,0.72316,0.40037,0.77612,0.40109,0.70617
CGTGC,0.78079,0.33395,0.86269,0.49211,0.70039
GCTGC,0.7774,0.07934,0.84179,0.59163,0.72447
CCTGC,0.7774,0.01845,0.79701,0.6426,0.64547
CATGC,0.76723,0.13284,0.79104,0.42961,0.69364
CTGGC,0.94915,0.26753,0.77015,0.79915,0.7158
CGGGC,0.90847,0.21218,0.62687,0.83617,0.4894
CCGGC,0.96836,0.10148,0.74925,0.78459,0.69075
CAGGC,0.89944,0.01845,0.62388,0.92415,0.46724
CTCGC,0.95593,0.2583,0.7791,0.61893,0.80829
CGCGC,0.99209,0.29705,0.80299,0.74575,0.74952
GCCGC,0.95932,0.09041,0.75224,0.77549,0.72447
CCCGC,0.9548,0.07196,0.73134,0.83495,0.68304
CACGC,0.96723,0.19742,0.71642,0.5176,0.7736
CTAGC,0.75932,0.10148,0.84179,0.60498,0.74085
CGAGC,0.72542,0.16605,0.70149,0.59041,0.48844
CCAGC,0.79435,0.01107,0.8,0.64563,0.66859
CAAGC,0.68136,0.16236,0.62388,0.47816,0.37283
CTTCC,0.67119,0.50554,0.53134,0.429,0.44123
GGTCC,0.69266,0.51476,0.58209,0.54369,0.3921
CGTCC,0.71186,0.48155,0.64776,0.50971,0.44701
GCTCC,0.70621,0.20295,0.65672,0.6335,0.44509
CCTCC,0.71977,0.19188,0.6209,0.65291,0.40462
CATCC,0.66667,0.30074,0.59403,0.53762,0.37283
CTGCC,0.96158,0.46494,0.76418,0.80765,0.75241
CGGCC,0.92881,0.47601,0.62985,0.83677,0.49518
GCGCC,0.95706,0.33579,0.76418,0.79612,0.70906
CCGCC,0.96045,0.34133,0.72836,0.81189,0.64355
CAGCC,0.92203,0.31365,0.62687,0.929,0.41715
CTCCC,0.94463,0.38192,0.59701,0.72269,0.51541
GGCCC,0.91977,0.48524,0.57313,0.88471,0.42486
CGCCC,0.9548,0.47232,0.62985,0.82646,0.49518
GCCCC,0.92655,0.21402,0.58806,0.87257,0.46243
CCCCC,0.94237,0.16052,0.56716,0.93932,0.42967
CACCC,0.93446,0.33395,0.57313,0.64442,0.45761
CTACC,0.73446,0.35978,0.80597,0.51214,0.73218
CGACC,0.66102,0.51107,0.58806,0.51092,0.3815
GCACC,0.75932,0.32288,0.80896,0.52306,0.66763
CCACC,0.76158,0.30074,0.80896,0.57039,0.65029
CAACC,0.65198,0.22878,0.58806,0.75061,0.40173
GTTAC,0.73898,0.40221,0.89851,0.34466,0.80732
CTTAC,0.71864,0.39668,0.82687,0.37621,0.78227
GGTAC,0.76271,0.33579,0.89254,0.5091,0.74855
CGTAC,0.7887,0.30074,0.9194,0.46541,0.77746
GCTAC,0.76384,0.0738,0.90448,0.57949,0.75915
CCTAC,0.76497,0.04982,0.86866,0.62621,0.73892
CATAC,0.77401,0.09594,0.9194,0.4909,0.79961
CTGAC,0.94463,0.42804,0.84179,0.61165,0.81214
GGGAC,0.91412,0.46494,0.61194,0.68143,0.49615
CGGAC,0.92994,0.46494,0.66567,0.6335,0.54624
GCGAC,0.96384,0.29889,0.80896,0.58313,0.81021
CCGAC,0.95819,0.30627,0.80299,0.59284,0.74566
CAGAC,0.92768,0.27122,0.70746,0.76092,0.52408
GTCAC,0.95593,0.4631,0.94328,0.58799,0.78035
CTCAC,0.95706,0.41328,0.8806,0.6074,0.82563
GGCAC,0.95028,0.51845,0.83881,0.7949,0.73603
CGCAC,0.97514,0.48893,0.90448,0.75121,0.78035
GCCAC,0.94463,0.2214,0.7791,0.75728,0.72929
CCCAC,0.95593,0.25092,0.76418,0.82342,0.6869
CACAC,0.97062,0.32657,0.8597,0.50667,0.82948
CTAAC,0.73672,0.4428,0.8806,0.35558,0.79094
GGAAC,0.65311,0.60701,0.59403,0.40049,0.38728
CGAAC,0.67232,0.57749,0.67164,0.3659,0.4817
GCAAC,0.74576,0.45203,0.85075,0.34951,0.73507
CCAAC,0.74463,0.11808,0.76716,0.40716,0.87765
CAAAC,0.60113,0.61624,0.62687,0.20692,0.38054
TTTTA,0.58757,0.68266,0.60896,0.19539,0.40366
GTTTA,0.64859,0.66421,0.67164,0.18022,0.45568
CTTTA,0.61695,0.63653,0.55224,0.22209,0.39306
TGTTA,0.69379,0.47786,0.69254,0.31311,0.42004
GGTTA,0.65876,0.50369,0.60299,0.34466,0.35164
CGTTA,0.68701,0.48339,0.68657,0.31553,0.39114
TCTTA,0.65989,0.2214,0.6209,0.48544,0.37091
GCTTA,0.68927,0.19373,0.64478,0.46056,0.39306
CCTTA,0.67006,0.19188,0.58507,0.5085,0.28227
TATTA,0.67571,0.26937,0.67463,0.39624,0.36031
GATTA,0.63729,0.28413,0.58507,0.37985,0.32466
CATTA,0.64859,0.26753,0.61194,0.36347,0.31696
TTGTA,0.94463,0.34686,0.90746,0.56675,0.86127
GTGTA,0.96158,0.33948,0.86269,0.60255,0.72158
CTGTA,0.93559,0.34317,0.76418,0.60801,0.75048
TGGTA,0.92542,0.34686,0.6806,0.64017,0.50289
GGGTA,0.91412,0.36347,0.55522,0.69782,0.40173
CGGTA,0.93898,0.34871,0.62985,0.63835,0.50096
TCGTA,0.97175,0.21956,0.82388,0.60862,0.79865
GCGTA,0.96723,0.19742,0.73731,0.56371,0.76204
CCGTA,0.95367,0.19188,0.7403,0.59527,0.68112
GAGTA,0.89944,0.12915,0.54925,0.81675,0.34489
CAGTA,0.92994,0.09779,0.6806,0.74697,0.46724
TTCTA,0.91186,0.2952,0.7403,0.77549,0.56358
GTCTA,0.93333,0.26568,0.73731,0.78216,0.51445
CTCTA,0.94011,0.16605,0.76418,0.80643,0.56744
TGCTA,0.94237,0.27306,0.74925,0.90473,0.4817
GGCTA,0.91525,0.34502,0.64179,0.92779,0.40559
CGCTA,0.94124,0.29336,0.70746,0.90291,0.46532
TCCTA,0.89492,0.12731,0.63582,0.91748,0.48651
GCCTA,0.89718,0.0572,0.63284,0.92718,0.44123
CCCTA,0.92316,0.03321,0.63881,0.96784,0.41618
TACTA,0.93898,0.10332,0.7403,0.76092,0.49326
GACTA,0.91412,0.10886,0.66567,0.76517,0.50674
CACTA,0.94463,0.09779,0.67463,0.74454,0.45665
TTATA,0.77175,0.131,0.96119,0.56857,0.86127
GTATA,0.77627,0.13653,0.94328,0.52367,0.78902
CTATA,0.75932,0.15498,0.87761,0.53519,0.77746
TGATA,0.71751,0.25461,0.75522,0.55765,0.43642
GGATA,0.6904,0.3155,0.63582,0.54854,0.39017
CGATA,0.73107,0.24354,0.73731,0.53883,0.47013
TCATA,0.77175,0.15129,0.89254,0.57706,0.73603
GCATA,0.78531,0.13653,0.86866,0.50971,0.76108
CCATA,0.78644,0.12177,0.90448,0.59587,0.67341
GAATA,0.6226,0.36162,0.49552,0.39442,0.27168
CAATA,0.65989,0.23985,0.64776,0.41323,0.32852
GTTGA,0.73446,0.43358,0.83582,0.38167,0.75241
CTTGA,0.70847,0.40221,0.76119,0.39624,0.75337
GGTGA,0.74689,0.30074,0.76119,0.57464,0.68304
CGTGA,0.77514,0.32657,0.85373,0.51153,0.73988
TCTGA,0.74802,0.06827,0.78209,0.61833,0.78227
GCTGA,0.77853,0.04797,0.86269,0.6159,0.7948
CCTGA,0.74576,0.00923,0.78209,0.67961,0.67823
GATGA,0.68023,0.16236,0.66567,0.55461,0.62235
CATGA,0.76497,0.16974,0.72239,0.43993,0.72447
GTGGA,0.94237,0.29336,0.81493,0.79066,0.76301
CTGGA,0.93898,0.2583,0.73433,0.821,0.75241
GGGGA,0.93785,0.21033,0.57015,0.91444,0.48266
CGGGA,0.9209,0.25461,0.62687,0.84648,0.51734
GCGGA,0.94802,0.0941,0.72239,0.81068,0.7264
CCGGA,0.98192,0.14022,0.75821,0.80825,0.68786
GAGGA,0.91186,0.07196,0.58209,0.97512,0.4499
CAGGA,0.91186,0.04797,0.61791,0.94721,0.46917
GTCGA,0.96723,0.33579,0.83284,0.59648,0.83526
CTCGA,0.98079,0.30074,0.76716,0.59405,0.85934
GGCGA,0.96384,0.35793,0.76119,0.82039,0.73218
CGCGA,0.99887,0.31365,0.76716,0.74272,0.80636
TCCGA,0.95932,0.13653,0.74925,0.81735,0.76686
GCCGA,0.94463,0.04613,0.77015,0.79551,0.7948
CCCGA,0.94576,0.14022,0.70746,0.82464,0.73121
GACGA,0.93672,0.26753,0.68955,0.57039,0.77071
CACGA,0.94576,0.26199,0.72836,0.51942,0.82852
GTAGA,0.77627,0.04428,0.86866,0.61468,0.73507
CTAGA,0.78644,0.09225,0.89254,0.57828,0.84875
GGAGA,0.71525,0.21587,0.61791,0.63167,0.44894
CGAGA,0.72994,0.16236,0.69254,0.5892,0.50482
GCAGA,0.79548,0.02214,0.86567,0.59587,0.79383
CCAGA,0.78079,0.0,0.80896,0.63228,0.66089
GAAGA,0.63616,0.23432,0.49851,0.50546,0.37476
CAAGA,0.66667,0.21402,0.61791,0.44842,0.41522
GTTCA,0.69831,0.53137,0.74627,0.37197,0.51445
CTTCA,0.69153,0.49077,0.68657,0.38046,0.52023
TGTCA,0.73107,0.42251,0.77015,0.49939,0.4605
GGTCA,0.67119,0.49631,0.62388,0.51881,0.39114
CGTCA,0.73898,0.41697,0.75821,0.48786,0.48266
TCTCA,0.73446,0.18635,0.72836,0.60012,0.49422
GCTCA,0.73672,0.12362,0.76119,0.59223,0.50963
CCTCA,0.74576,0.11439,0.73134,0.6159,0.48651
GATCA,0.64972,0.29151,0.57313,0.52791,0.3632
CATCA,0.70621,0.21771,0.70746,0.5085,0.44027
GTGCA,0.97401,0.47786,0.92239,0.77488,0.75434
CTGCA,0.97062,0.48155,0.87761,0.77852,0.78613
GGGCA,0.95254,0.47786,0.64776,0.84891,0.4817
CGGCA,0.96497,0.44834,0.69254,0.81311,0.52697
TCGCA,0.9887,0.36162,0.84478,0.77063,0.81021
GCGCA,0.99887,0.31365,0.85373,0.76274,0.79287
CCGCA,0.99096,0.35424,0.81791,0.75121,0.7447
GAGCA,0.90169,0.28967,0.67164,0.94478,0.42582
CAGCA,0.94576,0.27306,0.72239,0.89745,0.49133
GTCCA,0.92429,0.45941,0.69851,0.65109,0.53565
CTCCA,0.90169,0.43727,0.64776,0.67112,0.52601
TGCCA,0.94689,0.44834,0.71343,0.821,0.50289
GGCCA,0.93107,0.49262,0.6209,0.84769,0.45279
CGCCA,0.95254,0.44096,0.6597,0.821,0.48266
TCCCA,0.9096,0.1845,0.6209,0.85498,0.53468
GCCCA,0.90621,0.21033,0.62985,0.83374,0.45857
CCCCA,0.92655,0.16974,0.60896,0.87925,0.46917
GACCA,0.90056,0.37454,0.59403,0.62743,0.4894
CACCA,0.92994,0.38376,0.59403,0.57706,0.48459
GTACA,0.79209,0.30258,1.0,0.51638,0.77457
CTACA,0.77514,0.37269,0.86269,0.47998,0.65511
GGACA,0.71751,0.49815,0.64776,0.53398,0.40944
CGACA,0.72768,0.46494,0.72537,0.50121,0.45761
TCACA,0.78644,0.28967,0.89254,0.52731,0.73314
GCACA,0.80113,0.33579,0.92239,0.49818,0.72447
CCACA,0.79322,0.27122,0.8806,0.55704,0.69075
GAACA,0.6339,0.51476,0.59701,0.33981,0.37091
CAACA,0.69266,0.45941,0.71343,0.29248,0.39981
TTTAA,0.69831,0.49631,0.8597,0.35255,0.78516
GTTAA,0.72655,0.41328,0.89552,0.36833,0.87861
CTTAA,0.71751,0.42251,0.81493,0.42112,0.77553
TGTAA,0.75932,0.3155,0.93731,0.54369,0.84393
GGTAA,0.69492,0.39483,0.77015,0.56432,0.71676
CGTAA,0.77062,0.26937,0.97313,0.53398,0.86609
TCTAA,0.77514,0.07011,0.9403,0.60073,0.90173
GCTAA,0.75254,0.10886,0.88657,0.63046,0.79576
CCTAA,0.76158,0.08118,0.92836,0.6517,0.80058
GATAA,0.72429,0.14945,0.90746,0.53701,0.83622
CATAA,0.75819,0.10148,0.94627,0.51274,0.87765
GTGAA,0.93446,0.42989,0.92239,0.625,0.88343
CTGAA,0.96949,0.40221,0.9194,0.64078,0.94027
TGGAA,0.88588,0.45387,0.63284,0.68629,0.579
GGGAA,0.91412,0.43727,0.56119,0.73544,0.52987
CGGAA,0.88814,0.47417,0.66866,0.67658,0.49711
TCGAA,0.93559,0.2786,0.86567,0.63835,0.92293
GCGAA,0.92768,0.30627,0.8,0.63289,0.82563
CCGAA,0.93785,0.30996,0.75522,0.63289,0.76108
GAGAA,0.83955,0.2952,0.54328,0.85619,0.44123
CAGAA,0.86215,0.28782,0.68358,0.78823,0.53661
TTCAA,0.89944,0.41328,0.9403,0.63896,0.92582
GTCAA,0.94011,0.41328,0.91343,0.57282,0.94605
CTCAA,0.92655,0.39668,0.91045,0.6159,0.90462
TGCAA,0.94011,0.47786,0.87463,0.77124,0.81503
GGCAA,0.91299,0.54613,0.73134,0.81129,0.73699
CGCAA,0.94802,0.49446,0.88358,0.75061,0.84971
TCCAA,0.89718,0.30443,0.76716,0.83556,0.73507
GCCAA,0.9435,0.2583,0.80896,0.7682,0.80925
CCCAA,0.92655,0.19557,0.77313,0.79248,0.94316
GACAA,0.90734,0.3524,0.81194,0.54794,0.8632
CACAA,0.92203,0.4059,0.70149,0.50243,0.83141
GTAAA,0.71751,0.44834,0.91343,0.28034,0.91811
CTAAA,0.75254,0.47417,0.88657,0.32342,0.87861
TGAAA,0.68136,0.54059,0.76119,0.34587,0.59923
GGAAA,0.60678,0.69373,0.53134,0.38956,0.42486
CGAAA,0.59548,0.60701,0.63582,0.35983,0.5106
TCAAA,0.68023,0.4631,0.8209,0.37803,0.77842
GCAAA,0.65424,0.43542,0.76418,0.34163,0.66763
CCAAA,0.67232,0.44834,0.76716,0.43629,0.62524
GAAAA,0.4452,0.77491,0.44776,0.20328,0.26879
CAAAA,0.54576,0.69373,0.57015,0.16505,0.41618
